﻿<?xml version="1.0" encoding="utf-8"?>
<localization>
	<string id="Close">Schließen</string>
	<string id="NoPermission">Sie haben keine Berechtigung diese Seite anzuzeigen oder Ihre Sitzung ist abgelaufen!<br />Bitte aktualisieren Sie die Seite!</string>
	<string id="Uploading">Datei wird hochgeladen...</string>
	<string id="Deleting">Löschen...</string>
	<string id="CREATE_NOT_ALLOWED_ALERT">Erstellen nicht erlaubt</string>
	<string id="DELETE_NOT_ALLOWED_ALERT">Löschen nicht erlaubt</string>
	<string id="DELETE_FILE_ALERT">Möchten Sie diese Datei wirklich löschen?</string>
	<string id="DELETE_FOLDER_ALERT">Wenn Sie diesen Ordner löschen, werden alle darin enthaltenen Dateien gelöscht.\nASind Sie sicher?</string>
	<string id="DELETE_NONE_ALERT">Keine Auswahl zum Löschen vorhanden</string>
	<string id="FOLDER_ITEMS">Enthaltene Elemente</string>
	<string id="BORDER_SIZE_OVERFLOW">Die angegebene Rahmenstärke ist größer als maximal möglich.</string>  
	<string id="Refresh">Aktualisieren</string>
	<string id="NewFolder">Neuer Ordner</string>
	<string id="Directory">Verzeichnis:</string>
	<string id="File">Datei:</string>
	<string id="NoteMaxSize">Maximal erlaubte Dateigröße</string>
	<string id="NoteFileExtensions">Erlaubte Dateiendungen</string>
	<string id="Insert">Einfügen</string>
	<string id="OK">OK</string>
	<string id="Delete">Löschen</string>
	<string id="Upload">Hochladen</string>
	<string id="AddCustomColor">Benutzerdefinierte Farbe hinzufügen...</string>
	<string id="AddHexColor">Hexadezimal-Farbe hinzufügen...</string>
	<string id="BackgroundImage">Hintergrundbild</string>
	<string id="Update">Aktualisieren</string>
	<string id="Cancel">Abbrechen</string>
	<string id="BuildStyle">Style erstellen</string>
	<string id="CellCss">Zellen CSS</string>
	<string id="TableCss">Tabellen CSS</string>
	<string id="CssClass">CSS Klasse:</string>
	<string id="ClearStyle">Kein Style</string>
	<string id="Width">Breite</string>
	<string id="Height">Höhe</string>
	<string id="Id">Id:</string>
	<string id="CreateThumbnail">Thumbnail erstellen</string>
	<string id="NewImageName">Neuer Bildname</string>
	<string id="DimentionUnit">Einheit</string>
	<string id="Pixel">Bildpunkt</string>
	<string id="Percent">Prozent</string>
	<string id="ConstrainProportions">Proportionen beibehalten?</string>
	<string id="OverwriteExisting">Existierende Datei überschreiben?</string>
	<string id="Create">Erstellen</string>
	<string id="MessageTargetExists">Ein Datei mit gleichem Namen existiert schon und Sie haben nicht ausgewählt sie zu überschreiben. !</string>
	<string id="MessageSourceDoesNotExist">Die Originaldatei existiert nicht!</string>
	<string id="MessageSourceNotLocal">Das angegebene Bild ist auf einem anderen Server!</string>
	<string id="MessageCannotWriteToFolder">Kann nicht an den Zielordner schreiben!</string>
	<string id="MessageNoValidDimensions">Bitte geben Sie eine gültige Größen an</string>
	<string id="NoPermissionsToDeleteFolder">Der ausgewählte Ordner konnte nicht gelöscht werden, weil die Anwendung keine ausreichende Erlaubnis besitzt. Bitte benachrichtigen Sie den Administrator.</string>
	<string id="NoPermissionsToDeleteFile">Der ausgewählte Datei konnte nicht gelöscht werden, weil die Anwendung keine ausreichende Erlaubnis besitzt. Bitte benachrichtigen Sie den Administrator.</string>
	<string id="NoPermissionsToCreateFolder">Der ausgewählte Ordner konnte nicht erstellt werden, weil die Anwendung keine ausreichende Erlaubnis besitzt. Bitte benachrichtigen Sie den Administrator.</string>
	<string id="NoPermissionsToUploadFile">Die Datei konnte nicht hochgeladen werden, weil die Anwendung keine ausreichende Erlaubnis besitzt. Bitte benachrichtigen Sie den Administrator.</string>
	<string id="ImageAltText">Alternativtext:</string>
	<string id="_blank">Neues Fenster</string>
	<string id="_self">Gleiches Fenster</string>
	<string id="_parent">Übergeordneter Frame</string>
	<string id="_top">Oberster Frame</string>
	<string id="_search">Such-Fenster</string>
	<string id="_media">Media-Fenster</string>
	<string id="InvalidCharactersInPath">Ungültige Symbole in Ordnernamen.</string>   
	<string id="DirectoryDeleted">Dieser Ordner wurde auf dem Server gelöscht. Der Inhalt wird aktualisier</string>   
	<string id="Megabytes">MB</string>   
	<string id="Kilobytes">KB</string>   
	<string id="bytes">Bytes</string>   
	<string id="OrderExtension">Ext</string>   
	<string id="OrderName">Name</string>   
	<string id="OrderSize">Größe</string>
	<string id="FileReadOnly">Die Datei ist Schreibgeschützt und konnte nicht gelöscht werden. Bitte benachrichtigen Sie den Administrator.</string>
	<string id="ROOT_CANNOT_BE_DELETED_ALERT">Ein Wurzel-Verzeichnis kann nicht gelöscht werden!</string>
</localization>