<?xml version="1.0" encoding="utf-8"?>
<localization>
	<string id="Title">Flash-Manager</string>
	<string id="Update">Aktualisieren</string>
	<string id="SelectFlash">Flash auswählen</string>
	<string id="Customh">Benutzerdefiniert - </string>
	<string id="PromptColor">Bitte geben Sie den HEX-Wert für die benutzerdefinierte Farbe an:</string>
	<string id="AlertWidthHeight">Bitte geben Sie Breite und Höhe der Flash-Datei an!</string>
	<string id="AlertClassID">Bitte geben Sie eine Klassen ID an!</string>
	<string id="ConfirmDelete">Möchten Sie dieses Flash löschen?\nEs wird möglicherweise verwendet. Wenn es gelöscht ist, werden einige Seiten möglicherweise nicht korrekt dargestellt.\nDrücken Sie \"OK\" um das Löschen zu bestätigen.</string>
	<string id="Alertfile">Bitte geben Sie die Flashdatei zum Hochladen an!</string>
	<string id="Alertexists">Eine gleichnamiges Flash existiert bereits in diesem Verzeichnis!</string>
	<string id="MessageNothingPost">Bitte geben Sie eine Flashdatei an!</string>
	<string id="MessageValid">Bitte geben Sie eine gültige Flashdatei an!</string>
	<string id="MessageSize">Die Flashdatei überschreitet die maximal erlaubte Dateigrösse!</string>
	<string id="Tab1HeaderText">Flash Eigenschaften</string>
	<string id="Tab2HeaderText">Flash Hochladen</string>
	<string id="FlashFile">Flashdatei:</string>
	<string id="SpecifyClassID">Klassen ID:</string>
	<string id="Yes">Ja</string>
	<string id="No">Nein</string>
	<string id="ClassID">Class ID:</string>
	<string id="FlashVersion">Flash Version:</string>
	<string id="Width">Breite:</string>
	<string id="Height">Höhe:</string>
	<string id="Quality">Qualität:</string>
	<string id="High">Hoch</string>
	<string id="Medium">Mittel</string>
	<string id="Low">Niedrig</string>
	<string id="Play">Play:</string>
	<string id="Loop">Wiederholung:</string>
	<string id="FlashMenu">Flash Menü:</string>
	<string id="HTMLAlign">HTML Ausrichtung:</string>
	<string id="Baseline">Grundlinie</string>
	<string id="Bottom">Unten</string>
	<string id="Left">Links</string>
	<string id="Middle">Mitte</string>
	<string id="Right">Rechts</string>
	<string id="TextTop">Text Oberkante</string>
	<string id="Top">Oben</string>
	<string id="FlashAlign">Flash Ausrichtung:</string>
	<string id="LeftTop">Links Oben</string>
	<string id="LeftCenter">Links Zentriert</string>
	<string id="LeftBottom">Links Unten</string>
	<string id="RightTop">Rechts Oben</string>
	<string id="RightCenter">Rechts Zentriert</string>
	<string id="RightBottom">Rechts Unten</string>
	<string id="CenterTop">Zentriert Oben</string>
	<string id="CenterCenter">Zentriert Zentriert</string>
	<string id="CenterBottom">Zentriert Unten</string>
	<string id="BackgroundColor">Hintergrundbild:</string>
	<string id="NoColor">Keine Farbe</string>
	<string id="Black">Schwarz</string>
	<string id="Blue">Blau</string>
	<string id="Green">Grün</string>
	<string id="Orange">Orange</string>
	<string id="Red">Rot</string>
	<string id="White">Weiß</string>
	<string id="Yellow">Gelb</string>
	<string id="Custom">Benutzerdefiniert</string>
	<string id="NoteClassID">
	<b>Hinweis:</b> Wenn Sie die exakte Class ID der Flash-Datei kennen, so geben Sie sie mit dem Präfix im entsprechenden Feld ein.<br />(z.B. \"clsid:\").</string>
	<string id="SwitchToPreviewMode">Zu Vorschau-Modus wechseln</string>  
	<string id="ChooseFileToInsert">Bitte wählen Sie eine Datei zum Einfügen</string>
	<string id="Transparent">Transparent</string>
	<string id="NoFlashSelectedToInsert">Bitte wählen Sie eine Flash-Datei!</string>  
</localization>