<?xml version="1.0" encoding="utf-8"?>
<localization>
	<string id="Title">Media Manager</string>
	<string id="NoPermission">Sie haben keine Berechtigung diese Seite anzuzeigen oder Ihre Sitzung ist abgelaufen!<br />Bitte aktualisieren Sie die Seite!</string>
	<string id="SelectMedia">Mediendatei auswählen</string>
	<string id="Update">Aktualisieren</string>
	<string id="Description">
	<b>Beschreibung: </b>
	</string>
	<string id="Yes">Ja</string>
	<string id="No">Nein</string>
	<string id="Black">Schwarz</string>
	<string id="Blue">Blau</string>
	<string id="Green">Grün</string>
	<string id="Orange">Orange</string>
	<string id="Red">Rot</string>
	<string id="White">Weiß</string>
	<string id="Yellow">Gelb</string>
	<string id="Custom">Benutzerdefiniert</string>
	<string id="Customh">Benutzerdefiniert - </string>
	<string id="PromptColor">Bitte geben Sie den HEX-Wert für die benutzerdefinierte Farbe an:</string>
	<string id="Note">
	<b>Hinweis: </b>
	</string>
	<string id="NA">unbekannt</string>
	<string id="AlertValue">Bitte geben Sie einen gültigen Eigenschaftswert an!</string>
	<string id="AlertWidthHeight">Bitte geben Sie Breite und Höhe der Mediendatei an!</string>
	<string id="ConfirmDelete">Wollen Sie diese Mediendatei wirklich löschen?\nSie ist möglicherweise in Benutzung. Wenn sie gelöscht ist, werden einige Seiten möglicherweise nicht korrekt dargestellt.\nDrücken Sie \"OK\" um das Löschen zu bestätigen.</string>
	<string id="AlertFile">Bitte geben Sie eine Mediendatei für den Upload an!</string>
	<string id="AlertExists">Eine gleichnamige Mediendatei existiert bereits in diesem Verzeichnis!</string>
	<string id="MessageNothingPost">Bitte geben Sie eine Mediendatei an!</string>
	<string id="MessageValid">Bitte geben Sie eine gültige Mediendatei an!</string>
	<string id="MessageSize">Die Mediendatei überschreitet die maximal erlaubte Dateigrösse!</string>
	<string id="Tab1HeaderText">Medienedatei Eigenschaften</string>
	<string id="Tab2HeaderText">Mediendatei hochladen</string>
	<string id="MediaFile">Mediendatei:</string>
	<string id="Width">Breite:</string>
	<string id="Height">Höhe:</string>
	<string id="Align">Ausrichtung:</string>
	<string id="Baseline">Grundlinie</string>
	<string id="Bottom">Unten</string>
	<string id="Left">Links</string>
	<string id="Middle">Mitte</string>
	<string id="Right">Rechts</string>
	<string id="TextTop">Textoberkante</string>
	<string id="Top">Oben</string>
	<string id="Properties">Eigenschaften:</string>
	<string id="SelectProperty">Wähle Eigenschaft</string>
	<string id="Value">Wert:</string>
	<string id="AllowChangeDisplaySize">Erlaube Änderung der Anzeigegrösse</string>
	<string id="AllowScan">Erlaube Vor- und Zurückspulen der Datei</string>
	<string id="AnimationAtStart">Animation abspielen bevor das erste Bild angezeigt wird</string>
	<string id="AudioStream">Nummer des gegenwärtigen Audiostreams</string>
	<string id="AutoRewind">Automatisch zum Anfang zurückspringen wenn die Animation beendet ist</string>
	<string id="AutoSize">Grösse des Mediaplayers automatisch an den unter <B>Anzeigegrösse</B> angegebenen Wert anpassen.</string>
	<string id="AutoStart">Automatisch starten.</string>
	<string id="Balance">Stereobalance</string>
	<string id="CCActive">Geschlossenes Captioning.</string>
	<string id="ClickToPlay">Klick zum Start</string>
	<string id="ColorKey">DVD Wiedergabe Farbschlüssel</string>
	<string id="CurrentAngle">Aktueller Kamerawinkel</string>
	<string id="CurrentAudioStream">Aktueller Audiostream</string>
	<string id="CurrentCCService">Aktuelles Geschlossenes Captioning</string>
	<string id="CurrentMarker">Aktuelle Markierungsnummer</string>
	<string id="CurrentPosition">Aktuelle Position in Sekunden</string>
	<string id="CurrentSubpictureStream">Aktueller Unterbildstream</string>
	<string id="CursorType">Kursortyp</string>
	<string id="DefaultFrame">Standard HTTP Fenster.</string>
	<string id="DisplayBackColor">Hintergrundbild der Anzeigeleiste.</string>
	<string id="DisplayForeColor">Vordergrundfarbe der Anzeigeleiste.</string>
	<string id="DisplayMode">Positionsanzeige in Sekunden(Ja) oder Bildern (Nein).</string>
	<string id="DisplaySize">Anzeigegrösse</string>
	<string id="EnableContextMenu">Kontextmenü erlauben.</string>
	<string id="Enabled">Mediaplayer aktivieren</string>
	<string id="EnableFullScreenControls">Steuerelemente im Vollbild sichtbar?</string>
	<string id="EnablePositionControls">Positionselemente anzeigen?</string>
	<string id="EnableTracker">Trackbar anzeigen</string>
	<string id="Hidden">Dieses Eigenschaft gibt an oder erhält einen Wert, der anzeigt, ob der Spieler sichtbar im Browser ist.</string>
	<string id="InvokeURLs">Aufruf durch Browser URL.</string>
	<string id="Language">Sprache</string>
	<string id="Mute">Stummschaltung</string>
	<string id="PlayCount">Anzahl Wiederholungen</string>
	<string id="PreviewMode">Vorschaumodus</string>
	<string id="Rate">Abspielrate.</string>
	<string id="SelectionEnd">Zeitpunkt des Wiedergabestops. Kann nicht verändert werden bevor die <B>ReadyState</B> Eigenschaft (nur lesbar) auf 4 gesetzt wurde.</string>
	<string id="SelectionStart">Zeitpunkt des Wiedergabestarts.</string>
	<string id="SendErrorEvents">Sende Fehlerereignisse</string>
	<string id="SendKeyboardEvents">Sende Tastaturereignisse</string>
	<string id="SendMouseClickEvents">Sende Mausklickereignisse</string>
	<string id="SendMouseMoveEvents">Sende Mausbewegungsereignisse.</string>
	<string id="SendOpenStateChangeEvents">Sende Geöffnetstatusereignisse.</string>
	<string id="SendPlayStateChangeEvents">Sende Abspielstatusereignisse.</string>
	<string id="SendWarningEvents">Sende Warnereignisse</string>
	<string id="ShowAudioControls">Zeige Audiosteuerelemente.</string>
	<string id="ShowCaptioning">Zeige Captioning</string>
	<string id="ShowControls">Zeige Steuerleiste</string>
	<string id="ShowDisplay">Zeige Anzeige</string>
	<string id="ShowGotoBar">Zeige 'Gehe Zu'-Leiste</string>
	<string id="ShowPositionControls">Zeige Positionselemente</string>
	<string id="ShowStatusBar">Zeige Statusleiste</string>
	<string id="ShowTracker">Zeige Trackbar.</string>
	<string id="SubpictureOn">Zeige Unterbild</string>
	<string id="TransparentAtStart">Mediaplayer vor und nach Wiedergabe transparent</string>
	<string id="VideoBorder3D">Dreidimensionaler Videorahmen</string>
	<string id="VideoBorderColor">Videorahmenfarbe</string>
	<string id="VideoBorderWidth">Videorahmenbreite</string>
	<string id="Volume">Lautstärke in hundertstel Decibel</string>
	<string id="ValidateNumber">Bitte geben Sie nur nummerische Werte ein.</string>
	<string id="ValidateNumber10000">Bitte geben Sie einen Wert zwischen –10,000 und 10,000 an.</string>
	<string id="ValidateNumber10">Bitte geben Sie einen Wert zwischen –10.00 und 10.00 an.</string>
	<string id="ValidateNumberHex">Bitte geben Sie einen hexadezimalen Wert an.</string>
	<string id="ValidateAudio">Bitte geben Sie einen Wert zwischen Null und Sieben an, welcher den aktuellen Audiostream spezifiziert, oder 0xFFFFFFFF wenn kein Stream ausgewählt wurde.</string>
	<string id="ValidateLCID">Bitte geben Sie einen nummerischen LCID Wert für die Sprache ein.</string>
	<string id="None">Nichts</string>
	<string id="DefaultCaption1">Standart. Caption1</string>
	<string id="Caption2">Caption2</string>
	<string id="Text1">Text1</string>
	<string id="Text2">Text2</string>
	<string id="ExtendedDataServices">Erweiterte Daten Services (XDS)</string>
	<string id="Nosubpicturestream">Es gibt keinen Unterbildstream</string>
	<string id="Streamisvalid">Der Stream ist gültig</string>
	<string id="Samesize">Gleiche Grösse wie das Originalbild.</string>
	<string id="HalfSourceImage">Halbiere die Maße des Originalbildes</string>
	<string id="DoubleSourceImage">Verdopple die Maße des Originalbildes</string>
	<string id="EntireScreen">Grösse des gesamten Bildschirms</string>
	<string id="DesignTime">Grösse während der Entwurfszeit</string>
	<string id="SixteenthScreen">Ein Sechszehntel der Bildschirmgrösse</string>
	<string id="QuarterScreen">Ein Viertel der Bildschirmgrösse</string>
	<string id="HalfScreen">Halbe Bildschirmgrösse</string>
	<string id="Arrowhourglass">Standardzeiger und Sanduhr</string>
	<string id="Standardarrow">Standardzeiger</string>
	<string id="Crosshair">Fadenkreuz</string>
	<string id="TextIbeam">Texteingabe</string>
	<string id="SlashedCircle">durchgestrichener Kreis</string>
	<string id="Fourpointedarrow">Vierpunktzeiger</string>
	<string id="DoublepointedNESW">Doppelpunktzeiger NO-SW</string>
	<string id="DoublepointedNS">Doppelpunktzeiger N-S</string>
	<string id="DoublepointedNWSE">Doppelpunktzeiger NW-SO</string>
	<string id="DoublepointedWE">Doppelpunktzeiger W-O</string>
	<string id="Verticalarrow">Vertikaler Zeiger</string>
	<string id="Hourglass">Sanduhr</string>
	<string id="Handpointing">Handzeiger</string>
	<string id="SwitchToPreviewMode">Zu Vorschau Modus wechseln</string>
	<string id="ChooseFileToInsert">Bitte, wählen Sie eine Mediendatei zum Einfügen</string>
	<string id="NoMediaSelectedToInsert">Bitte wählen Sie einen Mediendatei, einzufügen!</string>  
</localization>