﻿<?xml version="1.0" encoding="utf-8"?>
<localization>
  <string id="ClearStyle">Entferne Stil</string>
  <string id="PromptColor">Bitte geben Sie den HEX-Wert für die benutzerdefinierte Farbe an:</string>
  <string id="Title">Tabelleneigenschaften</string>
  <string id="Tab1HeaderText">Tabelleneigenschaften</string>
  <string id="Layout">Layout</string>
  <string id="Alignment">Ausrichtung:</string>
  <string id="CellSpacing">Cell Spacing:</string>
  <string id="CellPadding">Cell Padding:</string>
  <string id="Border">Rahmen</string>
  <string id="Size">Größe:</string>
  <string id="Frame">Frame:</string>
  <string id="Allsides">Alle vier Seiten</string>
  <string id="Topside">Nur die Oberste Seite</string>
  <string id="Bottomside">Nur die Untere Seite</string>
  <string id="Topbottom">Nur die Oberteil und Bodenseiten</string>
  <string id="Rightleft">Nur Links und Rechts</string>
  <string id="Lefthand">Nur Links</string>
  <string id="Righthand">Nur Rechts</string>
  <string id="Nosides">Keine Umrandung</string>
  <string id="Rules">Linien:</string>
  <string id="Betweenall">Zwischen allen Reihen und Spalten</string>
  <string id="Betweengroup">Zwischen Reihe und Spaltengruppe</string>
  <string id="Betweenrows">Zwischen Reihen</string>
  <string id="Betweencolumns">Zwischen Spalten</string>
  <string id="Norules">Keine Linien</string>
  <string id="Dimensions">Dimensions</string>
  <string id="Height">Höhe:</string>
  <string id="Width">Breite:</string>
  <string id="Default">Default</string>
  <string id="Left">Links</string>
  <string id="Center">Zentriert</string>
  <string id="Right">Rechts</string>
  <string id="Background">Hintergrund</string>
  <string id="UseColor">Farbe zu benutzen:</string>
  <string id="Black">Scwarz</string>
  <string id="Blue">Blau</string>
  <string id="Green">Grün</string>
  <string id="Orange">Apfelsine</string>
  <string id="Red">Rot</string>
  <string id="White">Weiß</string>
  <string id="Yellow">Gelb</string>
  <string id="Custom">Benutzerdefiniert</string>
  <string id="Customh">Benutzerdefiniert - </string>
  <string id="Update">Aktualisierung</string>
  <string id="Cancel">Abbrechen</string>
  <string id="CellCss">Tabellen CSS</string>
  <string id="CssClass">Zellen Class:</string>
  <string id="Style">Stil:</string>
  <string id="MessageStyle">Bitte geben Sie einen gültigen Stil-Wert an.</string>
  <string id="Tab2HeaderText">Erreichbarkeit</string>
  <string id="Sec508HeadingRows">Tabellenkopf - Reihen:</string>
  <string id="Sec508HeadingCols">Tabellenkopf - Spalten:</string>
  <string id="Sec508Summary">Zusammenfassung:</string>
  <string id="Sec508Caption">Beschriftung:</string>
  <string id="Sec508CaptionAlign">Beschriftung ausrichten:</string>
  <string id="Sec508AssocCellHeaders">Zellen mit Header verbinden</string>
  <string id="TableBorderControlSizeOverflow">Sie versuchen die Randdicke größer als den Maximalwert (1000) einzustellen . Die Randdicke wird auf 1000 gesetzt.</string>
</localization>