<?xml version="1.0" encoding="utf-8"?>
<localization>
  <string id="Title">Tabellenassistent</string>
  <string id="Tab1HeaderText">Tabellengestaltung</string>
  <string id="Tab2HeaderText">Tabelleneigenschaften</string>
  <string id="Tab3HeaderText">Zelleigenschaften</string>
  <string id="Layout">Darstellung</string>
  <string id="Alignment">Ausrichtung:</string>
  <string id="CellSpacing">Zellabstand:</string>
  <string id="CellPadding">Zellauffüllung:</string>
  <string id="Border">Rahmen</string>
  <string id="Size">Grösse:</string>
  <string id="Frame">Umrandung:</string> 
  <string id="Dimensions">Grösse</string>
  <string id="Height">Höhe:</string>
  <string id="Width">Breite:</string>
  <string id="ContentAlignment">Ausrichtung des Inhalts</string>
  <string id="Horizontal">Horizontal:</string>
  <string id="Left">Links</string>
  <string id="Center">Zentriert</string>
  <string id="Right">Rechts</string>
  <string id="Vertical">Vertikal:</string>
  <string id="Middle">Mitte</string>
  <string id="Top">Oben</string>
  <string id="Bottom">Unten</string>
  <string id="Baseline">Grundlinie</string>
  <string id="Background">Hintergrund</string>
  <string id="UseColor">Benutze Farbe:</string>
  <string id="Black">Schwarz</string>
  <string id="Blue">Blau</string>
  <string id="Green">Grün</string>
  <string id="Orange">Orange</string>
  <string id="Red">Rot</string>
  <string id="White">Weiß</string>
  <string id="Yellow">Gelb</string>
  <string id="Custom">Benutzerdefiniert</string>
  <string id="Customh">Benutzerdefiniert - </string>
  <string id="PromptColor">Bitte geben Sie den HEX-Wert für die benutzerdefinierte Farbe an:</string>
  <string id="Additional">Zusatzoptionen</string>
  <string id="Content">Inhalt:</string>
  <string id="NoWrapping">Kein Umbruch</string>
  <string id="Columns">Spalten</string>
  <string id="ColumnSpan">Spalten verbinden</string>
  <string id="Rows">Reihen</string>
  <string id="RowSpan">Reihen verbinden</string>
  <string id="Tab4HeaderText">Erreichbarkeit</string>
  <string id="Sec508HeadingRows">Tabellenkopf - Reihen:</string>
  <string id="Sec508HeadingCols">Tabellenkopf - Spalten:</string>
  <string id="Sec508Summary">Zusammenfassung:</string>
  <string id="Sec508Caption">beschriftung:</string>
  <string id="Sec508CaptionAlign">Beschriftung ausrichten:</string>
  <string id="Sec508AssocCellHeaders">Zellen mit Header verbinden</string>
  <string id="TableBorderControlSizeOverflow">Sie versuchen die Randdicke größer als den Maximalwert (1000) einzustellen . Die Randdicke wird auf 1000 gesetzt.</string>
  <string id="AddCustomColor">Benutzerdefinierte Farbe hinzufügen...</string>
  <string id="AddHexColor">Hexadezimal-Farbe hinzufügen...</string>
  <string id="Rightleft">Nur rechte und linke Seiten</string>
  <string id="InvalidTableWidth">Ungültige Tischbreite. </string>
  <string id="InvalidTableHeight">Ungültige Tischhöhe.</string>
  <string id="InvalidCellWidth">Ungültige Zellenbreite.</string>
  <string id="InvalidCellHeight">Ungültige Zellenhöhe.</string>
  
   <string id="Allsides">Alle vier Seiten</string>
  <string id="Topside">Nur oben</string>
  <string id="Bottomside">Nur unten</string>
  <string id="Topbottom">Nur oben und unten</string>
  <string id="Lefthand">Nur Links</string>
  <string id="Righthand">Nur Rechts</string>
  <string id="Nosides">Keine Umrandung</string>
  <string id="Rules">Linien:</string>
  <string id="Betweenall">Zwischen allen Zeilen und Spalten</string>
  <string id="Betweengroup">Zwischen Zeilen- und Spaltengruppe</string>
  <string id="Betweenrows">Zwischen Zeilen</string>
  <string id="Betweencolumns">Zwischen Spalten</string>
  <string id="Norules">Keine Linien</string>
	
</localization>