<?xml version="1.0" encoding="utf-8" ?>
<localization>
	<string id="NoPermission">You don't have permission to access this page or your cookie has expired!<br />Please, refresh the page!</string>
	<string id="Uploading">Uploading...</string>
	<string id="Deleting">Deleting...</string>
	<string id="CREATE_NOT_ALLOWED_ALERT">Create not allowed</string>
	<string id="DELETE_NOT_ALLOWED_ALERT">Delete not allowed</string>
	<string id="DELETE_FILE_ALERT">Are you sure you want to delete this file?</string>
	<string id="DELETE_FOLDER_ALERT">Deleting this folder will erase all the files in it if any.\nAre you sure?</string>
	<string id="DELETE_NONE_ALERT">Nothing chosen to delete</string>
	<string id="FOLDER_ITEMS"> items inside</string>
	<string id="BORDER_SIZE_OVERFLOW">The specified border size is greater than the maximum possible</string>
	<string id="Refresh">Refresh</string>
	<string id="NewFolder">New Folder</string>
	<string id="Directory">Directory:</string>
	<string id="File">File:</string>
	<string id="NoteMaxSize">Max file size allowed</string>
	<string id="NoteFileExtensions">File extensions allowed</string>
	<string id="Insert">Insert</string>
	<string id="OK">OK</string>
	<string id="Delete">Delete</string>
	<string id="Close">Close</string>
	<string id="Upload">Upload</string>
	<string id="AddCustomColor">Add Custom Color...</string>
	<string id="AddHexColor">Add Hex Color...</string>
	<string id="BackgroundImage">Background Image</string>
	<string id="Update">Update</string>
	<string id="Cancel">Cancel</string>
	<string id="BuildStyle">Build Style</string>
	<string id="CellCss">Cell CSS</string>
	<string id="TableCss">Table CSS</string>
	<string id="CssClass">CSS Class:</string>
	<string id="ClearStyle">Clear Style</string>
	<string id="Width">Width</string>
	<string id="Height">Height</string>
	<string id="Id">Id:</string>
	<string id="CreateThumbnail">Create thumbnail</string>
	<string id="NewImageName">New image name</string>
	<string id="DimentionUnit">Dimention unit</string>
	<string id="Pixel">Pixel</string>
	<string id="Percent">Percent</string>
	<string id="ConstrainProportions">Constrain proportions?</string>
	<string id="OverwriteExisting">Overwrite if file with such name exists?</string>
	<string id="Create">Create</string>
	<string id="MessageTargetExists">A file with a name same as the target already exists and you have chosen not to overwrite it!</string>
	<string id="MessageSourceDoesNotExist">The source file does not exist!</string>
	<string id="MessageSourceNotLocal">The specified for conversion image file resides on a different server!</string>
	<string id="MessageCannotWriteToFolder">Cannot write to the target folder!</string>
	<string id="MessageNoValidDimensions">Please, provide valid image dimensions</string>
	<string id="NoPermissionsToDeleteFolder">The selected folder could not be deleted because the application did not have enough permissions. Please, contact the administrator.</string>
	<string id="NoPermissionsToDeleteFile">The selected file could not be deleted because the application did not have enough permissions. Please, contact the administrator.</string>
	<string id="NoPermissionsToCreateFolder">The selected folder could not be created because the application did not have enough permissions. Please, contact the administrator.</string>
	<string id="NoPermissionsToUploadFile">The file could not be uploaded because the application did not have enough permissions. Please, contact the administrator.</string>
	<string id="ImageAltText">Image Alt Text:</string>
	<string id="_blank">New Window</string>
	<string id="_self">Same Window</string>
	<string id="_parent">Parent Window</string>
	<string id="_top">Browser Window</string>
	<string id="_search">Search Pane</string>
	<string id="_media">Media Pane</string>
	<string id="InvalidCharactersInPath">Invalid characters in folder name.</string>
	<string id="DirectoryDeleted">This directory was deleted on the server. The directory content will be refreshed</string>
	<string id="Megabytes">MB</string>
	<string id="Kilobytes">KB</string>
	<string id="bytes">bytes</string>
	<string id="OrderExtension">Ext</string>
	<string id="OrderName">Name</string>
	<string id="OrderSize">Size</string>
	<string id="FileReadOnly">File you tried to delete is read-only. Please, contact your website administrator.</string>
	<string id="ROOT_CANNOT_BE_DELETED_ALERT">A root folder cannot be deleted!</string>
</localization>