<?xml version="1.0" encoding="utf-8" ?> 
<localization>
	<string id="Title">Flash Manager</string>
	<string id="Update">Update</string>
	<string id="SelectFlash">Select Flash</string>
	<string id="Customh">Custom - </string>
	<string id="PromptColor">Please, provide the custom color HEX value:</string>
	<string id="AlertWidthHeight">Please, provide width and height of the flash file!</string>
	<string id="AlertClassID">Please, provide a Class ID!</string>
	<string id="ConfirmDelete">Are you sure you want to delete the selected file?\nThe selected flash may be in use. If deleted, some pages will not be displayed properly.\nPress \"OK\" to confirm deletion.</string>
	<string id="Alertfile">Please, provide flash file to upload!</string>
	<string id="Alertexists">Such flash file already exists in this directory!</string>
	<string id="MessageNothingPost">Please, provide a flash file!</string>
	<string id="MessageValid">Please, provide a valid flash file!</string>
	<string id="MessageSize">Provided flash file exceeds max size allowed!</string>
	<string id="Tab1HeaderText">Browse Files</string>
	<string id="Tab2HeaderText">Upload Flash</string>
	<string id="FlashFile">Flash File:</string>
	<string id="SpecifyClassID">Specify Class ID:</string>
	<string id="Yes">Yes</string>
	<string id="No">No</string>
	<string id="ClassID">Class ID:</string>
	<string id="FlashVersion">Flash Version:</string>
	<string id="Width">Width:</string>
	<string id="Height">Height:</string>
	<string id="Quality">Quality:</string>
	<string id="High">High</string>
	<string id="Medium">Medium</string>
	<string id="Low">Low</string>
	<string id="Play">Play:</string>
	<string id="Loop">Loop:</string>
	<string id="FlashMenu">Flash Menu:</string>
	<string id="HTMLAlign">HTML Align:</string>
	<string id="Baseline">Baseline</string>
	<string id="Bottom">Bottom</string>
	<string id="Left">Left</string>
	<string id="Middle">Middle</string>
	<string id="Right">Right</string>
	<string id="TextTop">TextTop</string>
	<string id="Top">Top</string>
	<string id="FlashAlign">Flash Align:</string>
	<string id="LeftTop">Left Top</string>
	<string id="LeftCenter">Left Center</string>
	<string id="LeftBottom">Left Bottom</string>
	<string id="RightTop">Right Top</string>
	<string id="RightCenter">Right Center</string>
	<string id="RightBottom">Right Bottom</string>
	<string id="CenterTop">Center Top</string>
	<string id="CenterCenter">Center Center</string>
	<string id="CenterBottom">Center Bottom</string>
	<string id="BackgroundColor">Background Color:</string>
	<string id="NoColor">No Color</string>
	<string id="Black">Black</string>
	<string id="Blue">Blue</string>
	<string id="Green">Green</string>
	<string id="Orange">Orange</string>
	<string id="Red">Red</string>
	<string id="White">White</string>
	<string id="Yellow">Yellow</string>
	<string id="Custom">Custom</string>
	<string id="NoteClassID"><b>Note:</b> If you know the exact Class ID of the flash file, provide it in the respective field. Include the prefix (e.g. \"clsid:\").</string>
	<string id="SwitchToPreviewMode">Switch To Preview Mode</string>
	<string id="ChooseFileToInsert">Please, choose a file to insert</string>
	<string id="Transparent">Transparent</string>
	<string id="NoFlashSelectedToInsert">Please, choose a flash file to be inserted!</string>
</localization>