<?xml version="1.0" encoding="utf-8" ?>
<localization>
	<string id="IncreaseSize">Increase Size</string>
	<string id="DecreaseSize">Decrease Size</string>
	<string id="PageProperties">Page Properties</string>
	<string id="ConvertToUpper">Convert to upper case</string>
	<string id="ConvertToLower">Convert to lower case</string>
	<string id="RealFontSize">Real font size</string>	
	<string id="DropdownToolbar">Dropdowns</string>
	<string id="ImageMapDialog">Image Map Editor</string>
	<string id="FormatCodeBlock">Format Code Block</string>
	<string id="EnhancedEditToolbar">Enhanced Edit</string>
	<string id="InsertToolbar">Insert</string>
	<string id="DialogToolbar">Dialogs</string>
	<string id="MainToolbar">Main Toolbar</string>
	<string id="TableToolbar">Table</string>		
	<string id="Print">Print</string>
	<string id="SpellCheck">Spellchecker</string>
	<string id="AjaxSpellCheck">AJAX Spellchecker</string>
	<string id="PasteFromWord">Paste from Word</string>
	<string id="PasteFromWordNoFontsNoSizes">Paste from Word cleaning Fonts and Sizes</string>
	<string id="PastePlainText">Paste Plain Text</string>
	<string id="PasteAsHtml">Paste As Html</string>
	<string id="AbsolutePosition">Set Absolute Position</string>
	<string id="CreateLink">Create Link</string>
	<string id="Unlink">Remove Link</string>
	<string id="InsertGroupbox">Insert Groupbox</string>
	<string id="InsertFormElement">Insert Form Element</string>
	<string id="InsertOrderedList">Numbered List</string>
	<string id="InsertUnorderedList">Bullet List</string>
	<string id="InsertParagraph">New Paragraph</string>
	<string id="ModuleManager">Module Manager</string>
	<string id="Help">Help</string>
	<string id="InsertSnippet">Insert Code Snippet</string>
	<string id="ToggleScreenMode">Toggle Full Screen Mode</string>
	<string id="ToggleDocking">Dock all Floating Toolbars/Modules</string>
	<string id="Zoom">Zoom</string>
	<string id="InsertCustomLink">Custom Links</string>
	<string id="ApplyClass">Apply CSS Class</string>
	<string id="InsertDate">Insert Date</string>
	<string id="InsertTime">Insert Time</string>
	<string id="Bold">Bold</string>
	<string id="Italic">Italic</string>
	<string id="Underline">Underline</string>
	<string id="Cut">Cut</string>
	<string id="Copy">Copy</string>
	<string id="Paste">Paste</string>
	<string id="JustifyLeft">Align Left</string>
	<string id="JustifyCenter">Align Center</string>
	<string id="JustifyRight">Align Right</string>
	<string id="JustifyFull">Justify</string>
	<string id="JustifyNone">Remove alignment</string>
	<string id="Indent">Indent</string>
	<string id="Outdent">Outdent</string>
	<string id="Subscript">Subscript</string>
	<string id="Superscript">SuperScript</string>
	<string id="StrikeThrough">Strikethrough</string>
	<string id="InsertHorizontalRule">Horizontal Rule</string>
	<string id="Undo">Undo</string>
	<string id="Redo">Redo</string>
	<string id="FontName">Font Name</string>
	<string id="FontSize">Size</string>
	<string id="ForeColor">Foreground Color</string>
	<string id="BackColor">Background Color</string>
	<string id="InsertRowAbove">Insert Row Above</string>
	<string id="InsertRowBelow">Insert Row Below</string>
	<string id="DeleteRow">Delete Row</string>
	<string id="InsertColumnLeft">Insert Column to the Left</string>
	<string id="InsertColumnRight">Insert Column to the Right</string>
	<string id="DeleteColumn">Delete Column</string>
	<string id="MergeColumns">Merge Cells Horizontally</string>
	<string id="MergeRows">Merge Cells Vertically</string>
	<string id="SplitCell">Split Cell</string>
	<string id="DeleteCell">Delete Cell</string>
	<string id="DeleteTable">Delete Table</string>
	<string id="SetCellProperties">Set Cell Properties</string>
	<string id="SetTableProperties">Set Table Properties</string>
	<string id="ToggleTableBorder">Show/Hide Border</string>
	<string id="SetImageProperties">Set Image Properties</string>
	<string id="SetLinkProperties">Set Link Properties</string>
	<string id="FormatBlock">Paragraph Style</string>
	<string id="InsertSymbol">Insert Symbol</string>
	<string id="FormatStripper">Format Stripper</string>
	<string id="InsertTable">Insert Table</string>
	<string id="ImageManager">Image Manager</string>
	<string id="FlashManager">Flash Manager</string>
	<string id="MediaManager">Media Manager</string>
	<string id="DocumentManager">Document Manager</string>
	<string id="FindAndReplace">Find And Replace</string>
	<string id="LinkManager">Hyperlink Manager</string>
	<string id="AboutDialog">About r.a.d.editor</string>
	<string id="TemplateManager">Template Manager</string>
	<string id="FileOpen">Open file..</string>
	<string id="FileSaveAs">Save as...</string>
	<string id="RADEDITOR_DESIGN_MODE">Design</string>
	<string id="RADEDITOR_HTML_MODE">HTML</string>
	<string id="RADEDITOR_PREVIEW_MODE">Preview</string>
	<string id="ClearFormatting">Clear Formatting</string>
	<string id="ClearAllHtmlTags">All HTML Tags</string>
	<string id="ClearWordFormatting">Microsoft Word Formatting</string>
	<string id="ClearCssFormatting">Cascading Style Sheets</string>
	<string id="ClearFontTags">Font Tags</string>
	<string id="ClearSpanTags">Span Tags</string>
	<string id="CellProperties">Cell Properties</string>
	<string id="Class">CSS Class</string>	
	<string id="ToolNotSupportedByNetscape">This tool is not supported by Mozilla/Netscape browsers.</string>	
	
	<string id="AddCustomHexColor">Add Hex Color...</string>
	<string id="AddCustomColor">Add Custom Color...</string>
	<string id="PromptColor">Please, provide the custom color HEX value:</string>				
	<string id="ClearStyle">Clear Style</string>
	<string id="CancelTable">Cancel</string>
	<string id="TableWizard">Table Wizard</string>	
	<string id="UpdateButton">Update</string>
	<string id="CancelButton">Cancel</string>
	<string id="TableWarning">Please, select a table to set its properties!</string>
	<string id="CellWarning">Please, select a cell to set its properties!</string>
	<string id="ImageMapWarning">Please, select an image to set its image map properties!</string>	
	<string id="Table">Table</string>
	<string id="HtmlMode">HTML Mode</string>
	<string id="ToolbarCaption">r.a.d.editor Toolbar</string>
	<string id="ShowToolbarTooltip">Show toolbar</string>
	<string id="IndentHtml">Indent HTML</string>
	<string id="RepeatLastCommand">Repeat Last Command</string>
	<string id="ResizeCommand">Resize Object</string>
	<string id="MoveCommand">Move</string>	
	<string id="UseCtrl_C">Please use Ctrl+C to Copy</string>
	<string id="UseCtrl_V">Please use Ctrl+V to Paste</string>
	<string id="UseCtrl_X">Please use Ctrl+X to Cut</string>
	<string id="SetHtml">Set HTML</string>
	<string id="CorrectSpelling">Spelling Changes</string>
	<string id="Typing">Typing...</string>
	<string id="StripAll">Strip All Formatting</string>
	<string id="StripCss">Strip Css Formatting</string>
	<string id="StripFont">Strip Font Elements</string>
	<string id="StripSpan">Strip Span Elements</string>
	<string id="StripWord">Strip Word Formatting</string>
	<string id="InsertFormForm">Insert Form</string>
	<string id="InsertFormButton">Insert Button</string>
	<string id="InsertFormCheckbox">Insert Checkbox</string>
	<string id="InsertFormHidden">Insert Hidden</string>
	<string id="InsertFormSelect">Insert Select</string>
	<string id="InsertFormRadio">Insert Radio</string>
	<string id="InsertFormPassword">Insert Password</string>	
	<string id="InsertFormReset">Insert Reset</string>		
	<string id="InsertFormSubmit">Insert Submit</string>
	<string id="InsertFormText">Insert Textbox</string>
	<string id="InsertFormTextarea">Insert Textarea</string>		
	<string id="FormForm">Form</string>	
	<string id="FormButton">Button</string>
	<string id="FormCheckbox">Checkbox</string>
	<string id="FormHidden">Hidden</string>
	<string id="FormSelect">Select</string>
	<string id="FormRadio">Radio button</string>
	<string id="FormPassword">Password</string>
	<string id="FormReset">Reset</string>
	<string id="FormSubmit">Submit</string>
	<string id="FormText">Textbox</string>
	<string id="FormTextarea">Textarea</string>
	<string id="SelectAll">Select All</string>
	<string id="InsertAnchor">Insert Anchor</string>
	<string id="InsertEmailLink">Insert Email Link</string>
	<string id="AskWordCleaning">The content you are trying to paste has MS Word formatting.\nWould you like to clean it?</string>
	
	 
<string id="SpellCheckEnd">Finish spellchecking</string> 
<string id="SpellCheckComplete">Spellchecking complete!</string> 
<string id="SpellingChange">Spelling Change</string> 
<string id="NoSuggestions">(no suggestions)</string> 
<string id="ChangeWordString">Change Manually</string> 
<string id="IgnoreAllString">Ignore All</string> 
<string id="IgnoreString">Ignore</string> 
<string id="MoreThanOnceMessage">This word occurs more than once in the text. Would you like to replace all instances?</string> 
<string id="UndoDisabledMessage">You cannot undo further while in spellcheck mode. Please finish spellchecking first.</string> 
<string id="AddToDictionary">Add to dictionary</string>

<string id="AddCustomWordSuccess">successfully added to dictionary</string>
<string id="SpellingInProgress">Spell checking in progress...</string>
<string id="SpellingMode">Spell checking mode. Misspelled words are with yellow background.</string>
<string id="NoSpellingMistakes">No mistakes found.</string>

</localization>