<?xml version="1.0" encoding="utf-8" ?> 
<localization>
	<string id="Title">Media Manager</string>
	<string id="NoPermission">You don't have permission to access this page or your cookie has expired!<br />Please, refresh the page!</string>
	<string id="SelectMedia">Select Media</string>
	<string id="Update">Update</string>
	<string id="Description"><br/><b>Description: </b></string>
	<string id="Yes">Yes</string>
	<string id="No">No</string>
	<string id="Black">Black</string>
	<string id="Blue">Blue</string>
	<string id="Green">Green</string>
	<string id="Orange">Orange</string>
	<string id="Red">Red</string>
	<string id="White">White</string>
	<string id="Yellow">Yellow</string>
	<string id="Custom">Custom</string>
	<string id="Customh">Custom - </string>
	<string id="PromptColor">Please, provide the custom color HEX value:</string>
	<string id="Note"><br/><b>Note: </b></string>
	<string id="NA">N/A</string>
	<string id="AlertValue">Please, provide valid property value!</string>
	<string id="AlertWidthHeight">Please, provide width and height of the media file!</string>
	<string id="ConfirmDelete">Are you sure you want to delete the selected file?\nThe selected media may be in use. If deleted, some pages will not be displayed properly.\nPress \"OK\" to confirm deletion.</string>
	<string id="AlertFile">Please, provide media file to upload!</string>
	<string id="AlertExists">Such media file already exists in this directory!</string>
	<string id="MessageNothingPost">Please, provide a media file!</string>
	<string id="MessageValid">Please, provide a valid media file!</string>
	<string id="MessageSize">Provided media file exceeds max size allowed!</string>
	<string id="Tab1HeaderText">Browse Files</string>
	<string id="Tab2HeaderText">Upload Media</string>
	<string id="MediaFile">Media File:</string>
	<string id="Width">Width:</string>
	<string id="Height">Height:</string>
	<string id="Align">Align:</string>
	<string id="Baseline">Baseline</string>
	<string id="Bottom">Bottom</string>
	<string id="Left">Left</string>
	<string id="Middle">Middle</string>
	<string id="Right">Right</string>
	<string id="TextTop">TextTop</string>
	<string id="Top">Top</string>
	<string id="Properties">Properties:</string>
	<string id="SelectProperty">Select Property</string>
	<string id="Value">Value:</string>
	<string id="AllowChangeDisplaySize">This property specifies or retrieves a value indicating whether the display size can be changed.</string>
	<string id="AllowScan">This property specifies or retrieves a value indicating whether scanning is enabled for files that support scanning (fast-forwarding and rewinding).</string>
	<string id="AnimationAtStart">This property specifies or retrieves a value indicating whether animation runs before the first image displays.</string>
	<string id="AudioStream">This property specifies or retrieves the stream number of the current audio stream.</string>
	<string id="AutoRewind">This property specifies or retrieves a value indicating whether the Windows Media Player control automatically returns to the clip's starting point after the clip finishes playing or has otherwise stopped.</string>
	<string id="AutoSize">This property specifies or retrieves a value indicating whether the Windows Media Player control automatically resizes to accommodate the current media item at the size specified by the <B>DisplaySize</B> property.</string>
	<string id="AutoStart">This property specifies or retrieves a value indicating whether to start playing the clip automatically.</string>
	<string id="Balance">This property specifies or retrieves a value indicating the stereo balance.</string>
	<string id="CCActive">This property specifies or retrieves a value indicating whether closed captioning is on or off.</string>
	<string id="ClickToPlay">This property specifies or retrieves a value indicating whether the user can toggle playback on and off by clicking the video image.</string>
	<string id="ColorKey">This property specifies or retrieves the color key being used by the DVD playback.</string>
	<string id="CurrentAngle">This property specifies or retrieves a number identifying the current camera angle.</string>
	<string id="CurrentAudioStream">This property specifies or retrieves a value indicating the current audio stream.</string>
	<string id="CurrentCCService">This property specifies or retrieves a value indicating the current closed captioning service.</string>
	<string id="CurrentMarker">This property specifies or retrieves the current marker number.</string>
	<string id="CurrentPosition">This property specifies or retrieves the clip's current position, in seconds.</string>
	<string id="CurrentSubpictureStream">This property specifies or retrieves a value indicating the current subpicture stream.</string>
	<string id="CursorType">This property specifies or retrieves the cursor type.</string>
	<string id="DefaultFrame">This property specifies or retrieves a value representing the default target HTTP frame.</string>
	<string id="DisplayBackColor">This property specifies or retrieves the background color of the display panel.</string>
	<string id="DisplayForeColor">This property specifies or retrieves the foreground color of the display panel.</string>
	<string id="DisplayMode">This property specifies or retrieves a value indicating whether the status bar displays the current position in seconds (Yes) or frames (No).</string>
	<string id="DisplaySize">This property specifies or retrieves the size of the image display window.</string>
	<string id="EnableContextMenu">This property specifies or retrieves a value indicating whether the context menu appears when the user clicks the right mouse button.</string>
	<string id="Enabled">This property specifies or retrieves a value indicating whether the Windows Media Player control is enabled.</string>
	<string id="EnableFullScreenControls">This property specifies or retrieves a value indicating whether Windows Media Player displays controls in full-screen mode.</string>
	<string id="EnablePositionControls">This property specifies or retrieves a value indicating whether the position controls are enabled on the control bar.</string>
	<string id="EnableTracker">This property specifies or retrieves a value indicating whether the trackbar control is enabled.</string>
	<string id="Hidden">This property specifies or retrieves a value indicating whether the player is visible in the browser.</string>
	<string id="InvokeURLs">This property specifies or retrieves a value indicating whether the Windows Media Player control automatically invokes URLs in a browser (URL flipping).</string>
	<string id="Language">This property specifies or retrieves a value indicating the current locale used for national language support.</string>
	<string id="Mute">This property specifies or retrieves the current mute state of the Windows Media Player control.</string>
	<string id="PlayCount">This property specifies or retrieves the number of times a clip plays</string>
	<string id="PreviewMode">This property specifies or retrieves a value indicating whether Windows Media Player is in preview mode.</string>
	<string id="Rate">This property specifies or retrieves the playback rate of the clip.</string>
	<string id="SelectionEnd">This property specifies or retrieves the time within the current clip at which playback will stop. This property cannot be set or retrieved until the <B>ReadyState</B> property (read-only) has a value of 4.</string>
	<string id="SelectionStart">This property specifies or retrieves the time within the current clip at which playback will begin.</string>
	<string id="SendErrorEvents">This property specifies or retrieves a value indicating whether the Windows Media Player control sends error events.</string>
	<string id="SendKeyboardEvents">This property specifies or retrieves a value indicating whether the Windows Media Player control sends keyboard events.</string>
	<string id="SendMouseClickEvents">This property specifies or retrieves a value indicating whether the Windows Media Player control sends mouse click events.</string>
	<string id="SendMouseMoveEvents">This property specifies or retrieves a value indicating whether the Windows Media Player control sends mouse move events.</string>
	<string id="SendOpenStateChangeEvents">This property specifies or retrieves a value indicating whether the Windows Media Player control sends open state change events.</string>
	<string id="SendPlayStateChangeEvents">This property specifies or retrieves a value indicating whether the Windows Media Player control sends play state change events.</string>
	<string id="SendWarningEvents">This property specifies or retrieves a value indicating whether the Windows Media Player control sends warning events.</string>
	<string id="ShowAudioControls">This property specifies or retrieves a value indicating whether the audio controls appear on the control bar.</string>
	<string id="ShowCaptioning">This property specifies or retrieves a value indicating whether the closed caption area is visible and closed captioning is enabled.</string>
	<string id="ShowControls">This property specifies or retrieves a value indicating whether the control bar is visible.</string>
	<string id="ShowDisplay">This property specifies or retrieves a value indicating whether the display panel is visible.</string>
	<string id="ShowGotoBar">This property specifies or retrieves a value indicating whether the Go To bar is visible.</string>
	<string id="ShowPositionControls">This property specifies or retrieves a value indicating whether the position controls appear on the control bar.</string>
	<string id="ShowStatusBar">This property specifies or retrieves a value indicating whether the status bar is visible.</string>
	<string id="ShowTracker">This property specifies or retrieves a value indicating whether the trackbar is visible.</string>
	<string id="SubpictureOn">This property specifies or retrieves a value indicating whether the subpicture is displayed.</string>
	<string id="TransparentAtStart">This property specifies or retrieves a value indicating whether the Windows Media Player control is transparent before play begins and after play ends</string>
	<string id="VideoBorder3D">This property specifies or retrieves a value indicating whether the three-dimensional video border effect is enabled.</string>
	<string id="VideoBorderColor">This property specifies or retrieves the color of the video border.</string>
	<string id="VideoBorderWidth">This property specifies or retrieves the width of the video border, in pixels.</string>
	<string id="Volume">This property specifies or retrieves the volume, in hundredths of decibels.</string>
	<string id="ValidateNumber">Please, enter only numeric values.</string>
	<string id="ValidateNumber10000">Please, enter a value ranging from –10,000 to 10,000.</string>
	<string id="ValidateNumber10">Please, enter a value ranging from –10.00 to 10.00.</string>
	<string id="ValidateNumberHex">Please, specify a hexadecimal value.</string>
	<string id="ValidateAudio">Please, enter a value ranging from zero to seven indicating the current audio stream, or 0xFFFFFFFF if no stream is selected.</string>
	<string id="ValidateLCID">Please, specify a numeric value that corresponds to an LCID identifying a locale for national language support.</string>
	<string id="None">None</string>
	<string id="DefaultCaption1">Default. Caption1</string>
	<string id="Caption2">Caption2</string>
	<string id="Text1">Text1</string>
	<string id="Text2">Text2</string>
	<string id="ExtendedDataServices">Extended Data Services (XDS)</string>
	<string id="Nosubpicturestream">There is no subpicture stream</string>
	<string id="Streamisvalid">The stream is valid</string>
	<string id="Samesize">Same size as the source image</string>
	<string id="HalfSourceImage">W and H are one-half of the source image</string>
	<string id="DoubleSourceImage">Double the dimensions of the source image</string>
	<string id="EntireScreen">Size of the entire screen</string>
	<string id="DesignTime">Size specified at design time</string>
	<string id="SixteenthScreen">One-sixteenth the size of the screen</string>
	<string id="QuarterScreen">One-quarter the size of the screen</string>
	<string id="HalfScreen">Half the size of the screen</string>
	<string id="Arrowhourglass">Standard arrow and small hourglass</string>
	<string id="Standardarrow">Standard arrow</string>
	<string id="Crosshair">Crosshair</string>
	<string id="TextIbeam">Text I-beam</string>
	<string id="SlashedCircle">Slashed circle</string>
	<string id="Fourpointedarrow">Four-pointed arrow</string>
	<string id="DoublepointedNESW">Double-pointed arrow NE-SW</string>
	<string id="DoublepointedNS">Double-pointed arrow N-S</string>
	<string id="DoublepointedNWSE">Double-pointed arrow NW-SE</string>
	<string id="DoublepointedWE">Double-pointed arrow pointing W-E</string>
	<string id="Verticalarrow">Vertical arrow</string>
	<string id="Hourglass">Hourglass</string>
	<string id="Handpointing">Hand with pointing index finger</string>
	<string id="SwitchToPreviewMode">Switch To Preview Mode</string>
	<string id="ChooseFileToInsert">Please, choose a file to insert</string>
	<string id="NoMediaSelectedToInsert">Please, choose a media file to be inserted!</string>
</localization>