<?xml version="1.0" encoding="utf-8" ?> 
<localization>
	<string id="Title">Cell Properties</string>
	<string id="Tab1HeaderText">Cell Properties</string>
	<string id="Dimensions">Dimensions</string>
	<string id="Height">Height:</string>
	<string id="Width">Width:</string>
	<string id="ContentAlignment">Content Alignment</string>
	<string id="Horizontal">Horizontal:</string>
	<string id="Left">Left</string>
	<string id="Center">Center</string>
	<string id="Right">Right</string>
	<string id="Vertical">Vertical:</string>
	<string id="Middle">Middle</string>
	<string id="Top">Top</string>
	<string id="Bottom">Bottom</string>
	<string id="Baseline">Baseline</string>
	<string id="Background">Background</string>
	<string id="UseColor">Use Color:</string>
	<string id="Black">Black</string>
	<string id="Blue">Blue</string>
	<string id="Green">Green</string>
	<string id="Orange">Orange</string>
	<string id="Red">Red</string>
	<string id="White">White</string>
	<string id="Yellow">Yellow</string>
	<string id="Custom">Custom</string>
	<string id="Customh">Custom - </string>
	<string id="Style">Style:</string>
	<string id="MessageStyle">Please, provide a valid style attribute value.</string>
	<string id="PromptColor">Please, provide the custom color HEX value:</string>
	<string id="Additional">Additional</string>
	<string id="NoWrapping">No Wrapping</string>
	<string id="InvalidCellWidth">Invalid cell width.</string>
	<string id="InvalidCellHeight">Invalid cell height.</string>
</localization>