<?xml version="1.0" encoding="utf-8" ?> 
<localization>
	<string id="Title">Table Properties</string>
	<string id="Tab1HeaderText">Table Properties</string>
	<string id="Layout">Layout</string>
	<string id="Alignment">Alignment:</string>
	<string id="CellSpacing">Cell Spacing:</string>
	<string id="CellPadding">Cell Padding:</string>
	<string id="Border">Border</string>
	<string id="Size">Size:</string>
	<string id="Frame">Frame:</string>
	<string id="Allsides">All four sides</string>
	<string id="Topside">Top side only</string>
	<string id="Bottomside">Bottom side only</string>
	<string id="Topbottom">Top and bottom sides only</string>
	<string id="Rightleft">Rigth and left sides only</string>
	<string id="Lefthand">Left-hand side only</string>
	<string id="Righthand">Right-hand side only</string>
	<string id="Nosides">No sides</string>
	<string id="Rules">Rules:</string>
	<string id="Betweenall">Between all rows and columns</string>
	<string id="Betweengroup">Between row and column group</string>
	<string id="Betweenrows">Between rows</string>
	<string id="Betweencolumns">Between columns</string>
	<string id="Norules">No rules</string>
	<string id="Dimensions">Dimensions</string>
	<string id="Height">Height:</string>
	<string id="Width">Width:</string>
	<string id="Default">Default</string>
	<string id="Left">Left</string>
	<string id="Center">Center</string>
	<string id="Right">Right</string>
	<string id="Background">Background</string>
	<string id="UseColor">Use Color:</string>
	<string id="Black">Black</string>
	<string id="Blue">Blue</string>
	<string id="Green">Green</string>
	<string id="Orange">Orange</string>
	<string id="Red">Red</string>
	<string id="White">White</string>
	<string id="Yellow">Yellow</string>
	<string id="Custom">Custom</string>
	<string id="Customh">Custom - </string>
	<string id="Update">Update</string>
	<string id="Cancel">Cancel</string>
	<string id="CellCss">Table CSS</string>
	<string id="CssClass">CSS Class:</string>
	<string id="Style">Style:</string>
	<string id="MessageStyle">Please, provide a valid style attribute value.</string>
	<string id="PromptColor">Please, provide the custom color HEX value:</string>
	<string id="Tab2HeaderText">Accessibility</string>	
	<string id="Sec508HeadingRows">Heading rows:</string>
	<string id="Sec508HeadingCols">Heading columns:</string>
	<string id="Sec508Summary">Summary:</string>
	<string id="Sec508Caption">Caption:</string>
	<string id="Sec508CaptionAlign">Caption alignment:</string>
	<string id="Sec508AssocCellHeaders">Associate cells with headers</string>
	<string id="TableBorderControlSizeOverflow">You are trying to set border size to a greater value then maximum (1000). It will be set to 1000.</string>
	<string id="ClearStyle">No Class</string>
</localization>